case_id,Hospital_code,Hospital_type_code,City_Code_Hospital,Hospital_region_code,Available Extra Rooms in Hospital,Department,Ward_Type,Ward_Facility_Code,Doctor
1,8,c,3,Z,3,radiotherapy,R,F,Dr. Gundalli
2,2,c,5,Z,2,radiotherapy,S,F,Dr. Gundalli
3,10,e,1,X,2,anesthesia,S,E,Dr. Vinay
4,26,b,2,Y,2,radiotherapy,R,D,Dr. Gundalli
5,26,b,2,Y,2,radiotherapy,S,D,Dr. Gundalli
6,23,a,6,X,2,anesthesia,S,F,Dr. Vinay
7,32,f,9,Y,1,radiotherapy,S,B,Dr. Gundalli
8,23,a,6,X,4,radiotherapy,Q,F,Dr. Gundalli
9,1,d,10,Y,2,gynecology,R,B,Dr. Shailashri
10,10,e,1,X,2,gynecology,S,E,Dr. Shailashri
11,22,g,9,Y,2,radiotherapy,S,B,Dr. Gundalli
12,26,b,2,Y,4,radiotherapy,R,D,Dr. Gundalli
13,16,c,3,Z,2,radiotherapy,R,A,Dr. Gundalli
14,9,d,5,Z,3,radiotherapy,S,F,Dr. Gundalli
15,6,a,6,X,4,gynecology,Q,F,Dr. Shailashri
16,6,a,6,X,3,gynecology,Q,F,Dr. Shailashri
17,23,a,6,X,4,radiotherapy,Q,F,Dr. Gundalli
18,29,a,4,X,4,anesthesia,S,F,Dr. Vinay
19,32,f,9,Y,4,radiotherapy,S,B,Dr. Gundalli
