{
"meta":{"test_sets":["test"],"test_metrics":[{"best_value":"Min","name":"MultiClass"}],"learn_metrics":[{"best_value":"Min","name":"MultiClass"}],"launch_mode":"Train","parameters":"","iteration_count":150,"learn_sets":["learn"],"name":"experiment"},
"iterations":[
{"learn":[2.352838652],"iteration":0,"passed_time":2.166656713,"remaining_time":322.8318502,"test":[2.353115858]},
{"learn":[2.310554634],"iteration":1,"passed_time":4.06677405,"remaining_time":300.9412797,"test":[2.31101804]},
{"learn":[2.272670838],"iteration":2,"passed_time":5.861312699,"remaining_time":287.2043223,"test":[2.273364538]},
{"learn":[2.237269443],"iteration":3,"passed_time":7.692440467,"remaining_time":280.774077,"test":[2.238091561]},
{"learn":[2.205429363],"iteration":4,"passed_time":9.547587123,"remaining_time":276.8800266,"test":[2.206468656]},
{"learn":[2.175876829],"iteration":5,"passed_time":11.55683799,"remaining_time":277.3641117,"test":[2.177095496]},
{"learn":[2.148674434],"iteration":6,"passed_time":13.8477735,"remaining_time":282.8902301,"test":[2.150115346]},
{"learn":[2.123036993],"iteration":7,"passed_time":15.73601308,"remaining_time":279.3142321,"test":[2.124674155]},
{"learn":[2.100436281],"iteration":8,"passed_time":16.46548443,"remaining_time":257.9592561,"test":[2.102096967]},
{"learn":[2.077565518],"iteration":9,"passed_time":18.25929263,"remaining_time":255.6300969,"test":[2.079446534]},
{"learn":[2.056604756],"iteration":10,"passed_time":20.13040306,"remaining_time":254.3750932,"test":[2.058675297]},
{"learn":[2.03675037],"iteration":11,"passed_time":21.97607273,"remaining_time":252.7248364,"test":[2.039098392]},
{"learn":[2.01838685],"iteration":12,"passed_time":23.80703654,"remaining_time":250.8895389,"test":[2.020922248]},
{"learn":[2.000542758],"iteration":13,"passed_time":25.67626312,"remaining_time":249.426556,"test":[2.003246581]},
{"learn":[1.984460751],"iteration":14,"passed_time":27.63047617,"remaining_time":248.6742855,"test":[1.987329055]},
{"learn":[1.969389197],"iteration":15,"passed_time":29.43156521,"remaining_time":246.4893587,"test":[1.972556163]},
{"learn":[1.954826307],"iteration":16,"passed_time":31.26680634,"remaining_time":244.616779,"test":[1.958167468]},
{"learn":[1.940995493],"iteration":17,"passed_time":32.97427323,"remaining_time":241.811337,"test":[1.944485777]},
{"learn":[1.92791808],"iteration":18,"passed_time":34.8017984,"remaining_time":239.9492416,"test":[1.931589773]},
{"learn":[1.9154409],"iteration":19,"passed_time":36.52714043,"remaining_time":237.4264128,"test":[1.919301861]},
{"learn":[1.903497801],"iteration":20,"passed_time":38.20840213,"remaining_time":234.708756,"test":[1.907515311]},
{"learn":[1.892552187],"iteration":21,"passed_time":40.07591732,"remaining_time":233.1689735,"test":[1.896645508]},
{"learn":[1.882363292],"iteration":22,"passed_time":42.37629331,"remaining_time":233.990837,"test":[1.886673631]},
{"learn":[1.872305841],"iteration":23,"passed_time":44.11767654,"remaining_time":231.6178018,"test":[1.876786747]},
{"learn":[1.862646165],"iteration":24,"passed_time":46.04465195,"remaining_time":230.2232597,"test":[1.867268432]},
{"learn":[1.853306005],"iteration":25,"passed_time":47.7598882,"remaining_time":227.7779283,"test":[1.858119204]},
{"learn":[1.844604586],"iteration":26,"passed_time":49.40239728,"remaining_time":225.0553654,"test":[1.849521589]},
{"learn":[1.836411734],"iteration":27,"passed_time":51.0867088,"remaining_time":222.5920883,"test":[1.84138601]},
{"learn":[1.828430336],"iteration":28,"passed_time":52.73377679,"remaining_time":220.0271376,"test":[1.833538452]},
{"learn":[1.820749887],"iteration":29,"passed_time":55.53124058,"remaining_time":222.1249623,"test":[1.825997248]},
{"learn":[1.813302246],"iteration":30,"passed_time":57.87535117,"remaining_time":222.1666706,"test":[1.818684878]},
{"learn":[1.806303286],"iteration":31,"passed_time":59.92170392,"remaining_time":220.9612832,"test":[1.811752961]},
{"learn":[1.799249949],"iteration":32,"passed_time":63.80201217,"remaining_time":226.207134,"test":[1.804777309]},
{"learn":[1.792938425],"iteration":33,"passed_time":66.81229665,"remaining_time":227.9478356,"test":[1.798562333]},
{"learn":[1.786767017],"iteration":34,"passed_time":69.06231044,"remaining_time":226.91902,"test":[1.792540025]},
{"learn":[1.780903918],"iteration":35,"passed_time":71.39719923,"remaining_time":226.0911309,"test":[1.786810768]},
{"learn":[1.775285944],"iteration":36,"passed_time":73.15631524,"remaining_time":223.4233411,"test":[1.781315689]},
{"learn":[1.769960775],"iteration":37,"passed_time":74.91533085,"remaining_time":220.8030804,"test":[1.776205055]},
{"learn":[1.764754772],"iteration":38,"passed_time":76.56825847,"remaining_time":217.9250433,"test":[1.771052893]},
{"learn":[1.759620733],"iteration":39,"passed_time":78.23698752,"remaining_time":215.1517157,"test":[1.765997609]},
{"learn":[1.754800682],"iteration":40,"passed_time":79.90589333,"remaining_time":212.4327408,"test":[1.761293876]},
{"learn":[1.750143003],"iteration":41,"passed_time":81.54828931,"remaining_time":209.6956011,"test":[1.756730885]},
{"learn":[1.745562584],"iteration":42,"passed_time":83.23995226,"remaining_time":207.1319742,"test":[1.752295625]},
{"learn":[1.741393255],"iteration":43,"passed_time":84.99725745,"remaining_time":204.7661202,"test":[1.748228937]},
{"learn":[1.73726306],"iteration":44,"passed_time":86.70058942,"remaining_time":202.3013753,"test":[1.744275276]},
{"learn":[1.733335693],"iteration":45,"passed_time":88.31448681,"remaining_time":199.6675354,"test":[1.740522744]},
{"learn":[1.729435683],"iteration":46,"passed_time":89.9777184,"remaining_time":197.1852127,"test":[1.736786183]},
{"learn":[1.725814043],"iteration":47,"passed_time":91.60655895,"remaining_time":194.6639378,"test":[1.733363879]},
{"learn":[1.722368101],"iteration":48,"passed_time":93.29629451,"remaining_time":192.304607,"test":[1.730145119]},
{"learn":[1.719031158],"iteration":49,"passed_time":95.18945415,"remaining_time":190.3789083,"test":[1.727026576]},
{"learn":[1.715853593],"iteration":50,"passed_time":97.12217626,"remaining_time":188.5312833,"test":[1.723950436]},
{"learn":[1.712589777],"iteration":51,"passed_time":99.24190492,"remaining_time":187.0328208,"test":[1.720892154]},
{"learn":[1.709504088],"iteration":52,"passed_time":100.9531288,"remaining_time":184.7632734,"test":[1.717902595]},
{"learn":[1.706470465],"iteration":53,"passed_time":102.6714956,"remaining_time":182.5271032,"test":[1.714961955]},
{"learn":[1.703630913],"iteration":54,"passed_time":104.3894987,"remaining_time":180.3091342,"test":[1.712290271]},
{"learn":[1.700870185],"iteration":55,"passed_time":106.6664662,"remaining_time":179.0472826,"test":[1.709651357]},
{"learn":[1.698254149],"iteration":56,"passed_time":108.5940834,"remaining_time":177.1798203,"test":[1.707204703]},
{"learn":[1.695734265],"iteration":57,"passed_time":110.5501913,"remaining_time":175.3554759,"test":[1.704819588]},
{"learn":[1.693411283],"iteration":58,"passed_time":113.1876733,"remaining_time":174.5775978,"test":[1.702641297]},
{"learn":[1.691182376],"iteration":59,"passed_time":115.5111654,"remaining_time":173.2667481,"test":[1.70060502]},
{"learn":[1.688907889],"iteration":60,"passed_time":117.887438,"remaining_time":171.9997046,"test":[1.698443385]},
{"learn":[1.68681452],"iteration":61,"passed_time":120.540099,"remaining_time":171.0891728,"test":[1.696439426]},
{"learn":[1.684636855],"iteration":62,"passed_time":122.6774745,"remaining_time":169.4117504,"test":[1.6944613]},
{"learn":[1.682303075],"iteration":63,"passed_time":124.659936,"remaining_time":167.5117891,"test":[1.692209549]},
{"learn":[1.680286639],"iteration":64,"passed_time":126.5650711,"remaining_time":165.5081699,"test":[1.690381398]},
{"learn":[1.678225766],"iteration":65,"passed_time":128.4779957,"remaining_time":163.517449,"test":[1.688503142]},
{"learn":[1.676308277],"iteration":66,"passed_time":130.5270177,"remaining_time":161.6976488,"test":[1.686764829]},
{"learn":[1.674261938],"iteration":67,"passed_time":132.3103853,"remaining_time":159.5507588,"test":[1.684855367]},
{"learn":[1.67241633],"iteration":68,"passed_time":134.0108451,"remaining_time":157.317079,"test":[1.683184388]},
{"learn":[1.670913393],"iteration":69,"passed_time":134.9004423,"remaining_time":154.1719341,"test":[1.681714177]},
{"learn":[1.66942737],"iteration":70,"passed_time":136.6814271,"remaining_time":152.0821513,"test":[1.680381023]},
{"learn":[1.667746392],"iteration":71,"passed_time":138.5451048,"remaining_time":150.0905302,"test":[1.678768272]},
{"learn":[1.666012076],"iteration":72,"passed_time":140.3363745,"remaining_time":148.0260388,"test":[1.677189165]},
{"learn":[1.664428879],"iteration":73,"passed_time":141.9755718,"remaining_time":145.8127494,"test":[1.675714689]},
{"learn":[1.662961136],"iteration":74,"passed_time":143.9660883,"remaining_time":143.9660883,"test":[1.674396165]},
{"learn":[1.661509581],"iteration":75,"passed_time":146.3088882,"remaining_time":142.4586543,"test":[1.673113235]},
{"learn":[1.660010698],"iteration":76,"passed_time":148.7511785,"remaining_time":141.0238446,"test":[1.671749625]},
{"learn":[1.658792484],"iteration":77,"passed_time":150.5156651,"remaining_time":138.937537,"test":[1.67063935]},
{"learn":[1.657439317],"iteration":78,"passed_time":152.4112885,"remaining_time":136.977234,"test":[1.669441868]},
{"learn":[1.65630994],"iteration":79,"passed_time":154.5336968,"remaining_time":135.2169847,"test":[1.66843762]},
{"learn":[1.655080956],"iteration":80,"passed_time":156.7662154,"remaining_time":133.5415909,"test":[1.667379101]},
{"learn":[1.653897563],"iteration":81,"passed_time":159.7194119,"remaining_time":132.4502441,"test":[1.666533643]},
{"learn":[1.652726923],"iteration":82,"passed_time":162.1260627,"remaining_time":130.8728458,"test":[1.665522784]},
{"learn":[1.65159832],"iteration":83,"passed_time":165.3781083,"remaining_time":129.9399422,"test":[1.664542846]},
{"learn":[1.65041328],"iteration":84,"passed_time":167.9278255,"remaining_time":128.415396,"test":[1.663556255]},
{"learn":[1.649560335],"iteration":85,"passed_time":170.2205209,"remaining_time":126.6757365,"test":[1.66276452]},
{"learn":[1.648465164],"iteration":86,"passed_time":172.2560935,"remaining_time":124.7371712,"test":[1.661915796]},
{"learn":[1.647463974],"iteration":87,"passed_time":174.1887052,"remaining_time":122.7238605,"test":[1.661051065]},
{"learn":[1.64662003],"iteration":88,"passed_time":176.2232758,"remaining_time":120.7822452,"test":[1.660356862]},
{"learn":[1.645617197],"iteration":89,"passed_time":178.1790991,"remaining_time":118.786066,"test":[1.659505982]},
{"learn":[1.64482761],"iteration":90,"passed_time":179.9047388,"remaining_time":116.6415339,"test":[1.658809497]},
{"learn":[1.643980146],"iteration":91,"passed_time":181.6129709,"remaining_time":114.4951338,"test":[1.658083184]},
{"learn":[1.643140413],"iteration":92,"passed_time":183.3760625,"remaining_time":112.3917802,"test":[1.65742902]},
{"learn":[1.642339602],"iteration":93,"passed_time":185.0917734,"remaining_time":110.2674394,"test":[1.65676829]},
{"learn":[1.641603717],"iteration":94,"passed_time":186.9250166,"remaining_time":108.2197465,"test":[1.656112905]},
{"learn":[1.640877636],"iteration":95,"passed_time":188.847122,"remaining_time":106.2265061,"test":[1.65556366]},
{"learn":[1.640208052],"iteration":96,"passed_time":190.8653835,"remaining_time":104.2872714,"test":[1.655065218]},
{"learn":[1.639378517],"iteration":97,"passed_time":192.9339871,"remaining_time":102.373136,"test":[1.654495702]},
{"learn":[1.638670566],"iteration":98,"passed_time":194.7268144,"remaining_time":100.3138135,"test":[1.653912106]},
{"learn":[1.638041012],"iteration":99,"passed_time":196.5560692,"remaining_time":98.27803461,"test":[1.653416399]},
{"learn":[1.637359304],"iteration":100,"passed_time":198.4350189,"remaining_time":96.27045473,"test":[1.652868965]},
{"learn":[1.636734729],"iteration":101,"passed_time":200.1465707,"remaining_time":94.18662151,"test":[1.652395911]},
{"learn":[1.636044592],"iteration":102,"passed_time":201.926043,"remaining_time":92.14100991,"test":[1.651867781]},
{"learn":[1.635180333],"iteration":103,"passed_time":203.823561,"remaining_time":90.1527289,"test":[1.651258242]},
{"learn":[1.634422509],"iteration":104,"passed_time":206.0181391,"remaining_time":88.29348818,"test":[1.650591369]},
{"learn":[1.633807139],"iteration":105,"passed_time":208.0829298,"remaining_time":86.37404633,"test":[1.65009352]},
{"learn":[1.633207356],"iteration":106,"passed_time":209.8281107,"remaining_time":84.32344635,"test":[1.649615192]},
{"learn":[1.632685842],"iteration":107,"passed_time":211.5367213,"remaining_time":82.26428052,"test":[1.649213651]},
{"learn":[1.632038788],"iteration":108,"passed_time":213.603781,"remaining_time":80.34637635,"test":[1.648761313]},
{"learn":[1.63132917],"iteration":109,"passed_time":215.7389809,"remaining_time":78.4505385,"test":[1.648200926]},
{"learn":[1.630680821],"iteration":110,"passed_time":217.7033454,"remaining_time":76.4903646,"test":[1.64772855]},
{"learn":[1.630135108],"iteration":111,"passed_time":219.997196,"remaining_time":74.64190578,"test":[1.647359301]},
{"learn":[1.629539186],"iteration":112,"passed_time":221.834667,"remaining_time":72.6361299,"test":[1.646923877]},
{"learn":[1.629010783],"iteration":113,"passed_time":223.6415427,"remaining_time":70.62364506,"test":[1.646498728]},
{"learn":[1.62843473],"iteration":114,"passed_time":225.386363,"remaining_time":68.59584962,"test":[1.646096855]},
{"learn":[1.627988021],"iteration":115,"passed_time":227.1991056,"remaining_time":66.59284129,"test":[1.645759956]},
{"learn":[1.627494187],"iteration":116,"passed_time":228.9886698,"remaining_time":64.5865479,"test":[1.645412523]},
{"learn":[1.626955127],"iteration":117,"passed_time":230.6674532,"remaining_time":62.55388562,"test":[1.645046905]},
{"learn":[1.626406724],"iteration":118,"passed_time":232.3172529,"remaining_time":60.5196205,"test":[1.644703072]},
{"learn":[1.625974476],"iteration":119,"passed_time":234.6269409,"remaining_time":58.65673524,"test":[1.644362283]},
{"learn":[1.625475512],"iteration":120,"passed_time":236.533701,"remaining_time":56.68989529,"test":[1.644038735]},
{"learn":[1.625033672],"iteration":121,"passed_time":238.1714413,"remaining_time":54.66229799,"test":[1.643684793]},
{"learn":[1.624553735],"iteration":122,"passed_time":239.8338543,"remaining_time":52.64645583,"test":[1.643281863]},
{"learn":[1.623997119],"iteration":123,"passed_time":241.5130116,"remaining_time":50.63982502,"test":[1.642829746]},
{"learn":[1.623561699],"iteration":124,"passed_time":243.1819637,"remaining_time":48.63639273,"test":[1.642508019]},
{"learn":[1.623039263],"iteration":125,"passed_time":244.9184167,"remaining_time":46.65112699,"test":[1.642194258]},
{"learn":[1.622520531],"iteration":126,"passed_time":246.6503899,"remaining_time":44.66896824,"test":[1.641920564]},
{"learn":[1.622165388],"iteration":127,"passed_time":248.3232933,"remaining_time":42.68056603,"test":[1.64173087]},
{"learn":[1.62174778],"iteration":128,"passed_time":250.0624787,"remaining_time":40.70784537,"test":[1.641441218]},
{"learn":[1.621343082],"iteration":129,"passed_time":251.8083608,"remaining_time":38.73974781,"test":[1.64113903]},
{"learn":[1.62099887],"iteration":130,"passed_time":253.5131368,"remaining_time":36.76908091,"test":[1.640911662]},
{"learn":[1.620689862],"iteration":131,"passed_time":255.1258586,"remaining_time":34.78988982,"test":[1.640658412]},
{"learn":[1.620111379],"iteration":132,"passed_time":256.8317729,"remaining_time":32.82812135,"test":[1.640344488]},
{"learn":[1.619863102],"iteration":133,"passed_time":258.4608529,"remaining_time":30.86099736,"test":[1.640185457]},
{"learn":[1.619493873],"iteration":134,"passed_time":260.2000082,"remaining_time":28.91111202,"test":[1.63996646]},
{"learn":[1.619198469],"iteration":135,"passed_time":261.8624725,"remaining_time":26.95643099,"test":[1.639750294]},
{"learn":[1.618831586],"iteration":136,"passed_time":263.6210349,"remaining_time":25.0151347,"test":[1.6395518]},
{"learn":[1.618388454],"iteration":137,"passed_time":265.2486666,"remaining_time":23.06510145,"test":[1.639245381]},
{"learn":[1.618040821],"iteration":138,"passed_time":266.9282068,"remaining_time":21.12381492,"test":[1.63898036]},
{"learn":[1.617507954],"iteration":139,"passed_time":268.6936471,"remaining_time":19.19240337,"test":[1.638703156]},
{"learn":[1.617020326],"iteration":140,"passed_time":270.430105,"remaining_time":17.26149606,"test":[1.638497631]},
{"learn":[1.616608507],"iteration":141,"passed_time":272.1090029,"remaining_time":15.33008467,"test":[1.638307755]},
{"learn":[1.616042267],"iteration":142,"passed_time":273.7788864,"remaining_time":13.40176367,"test":[1.638025506]},
{"learn":[1.615635578],"iteration":143,"passed_time":275.4882921,"remaining_time":11.47867884,"test":[1.637788932]},
{"learn":[1.615229128],"iteration":144,"passed_time":277.1433276,"remaining_time":9.556666469,"test":[1.637548311]},
{"learn":[1.614947858],"iteration":145,"passed_time":278.8809961,"remaining_time":7.640575236,"test":[1.63739011]},
{"learn":[1.614588453],"iteration":146,"passed_time":280.6335206,"remaining_time":5.727214705,"test":[1.637196198]},
{"learn":[1.614350221],"iteration":147,"passed_time":282.2902616,"remaining_time":3.814733265,"test":[1.637074302]},
{"learn":[1.614012075],"iteration":148,"passed_time":283.9447183,"remaining_time":1.90566925,"test":[1.636913744]},
{"learn":[1.613680305],"iteration":149,"passed_time":285.6340959,"remaining_time":0,"test":[1.636728522]}
]}